Day,Email,Company,Subject,Body
1,stevie.s@bigpond.net.au,Alba Gas Services (Bunbury Alba Gas Services),alba.net.au not loading,"Hi Stevie,

You have been working on gas appliances since 1983, from your Scottish Gas training through to servicing heaters, water heaters and BBQs across the South West. One customer review describes you as prompt, friendly and knowing everything about their gas heater.

I noticed the website listed for Alba Gas Services, alba.net.au, is not loading at the moment, so people who click through from directories hit a dead end.

A new mobile-friendly site with your services, licence details, service area and a simple booking request form could put that right and help bring in winter heater servicing work.

Would you be open to a quick chat about it?

Jacobs Roland
Website Development Specialist
savelroly@gmail.com"
1,engeova.kosmetika@seznam.cz,Karolína Engeová – Kosmetika a permanentní make-up,Web pro vaše PMU studio v Olomouci,"Dobrý den, paní Engeová,

Vaše studio na Dobrovského ulici v Olomouci se věnuje permanentnímu make-upu, lash liftingu a laminaci obočí a na Notinu má hodnocení 4,8 ze 109 recenzí.

U permanentního make-upu se klientky často rozhodují podle fotografií výsledků, přístupu a cen. Zatím vás najdou hlavně přes Facebook a rezervační portály.

Vlastní web vhodný pro mobil by mohl obsahovat galerii prací, popis jednotlivých technik a péče po zákroku, ceník a formulář pro objednání nebo konzultaci. Pomohl by také lidem z Facebooku přejít rovnou k rezervaci a zlepšil by viditelnost ve vyhledávání v Olomouci.

Měla byste zájem, abych vám poslal krátký návrh, jak by takový web mohl vypadat?

S pozdravem

Jacobs Roland
Specialista na tvorbu webových stránek
savelroly@gmail.com"
1,kouvolan.kiinteistomaalaus@co.inet.fi,Kouvolan Kiinteistömaalaus Oy,Kiinteistömaalaus Kouvolasta Helsinkiin,"Hei Esa,

Kouvolan Kiinteistömaalaus tekee maalaus- ja tasoitetöitä Kouvolasta Lahteen, Kotkaan ja Helsinkiin yli 20 vuoden kokemuksella. Netistä löysin yrityksestä kuitenkin vain hakemistotiedot, en omia sivuja.

Kun asiakas etsii maalaria esimerkiksi Lahdesta tai Kotkasta, omat verkkosivut referenssikuvineen ja palvelualueineen auttavat löytymään. Sivuilla voisi myös olla helppo tarjouspyyntölomake.

Teen ammattimaisia verkkosivuja, joiden avulla yritykset esittelevät palvelunsa, saavat enemmän yhteydenottoja ja vahvistavat näkyvyyttään verkossa.

Olisiko tästä hyötyä teille?

Ystävällisin terveisin,
Jacobs Roland
Verkkosivujen kehittäjä
savelroly@gmail.com"
1,auxjardinsdelisa@gmail.com,Aux Jardins d'Elisa,Aux Jardins d'Elisa : votre site actuel,"Bonjour Monsieur Levecque,

Avec une équipe de 6 à 9 personnes et des avis à 5/5 sur PagesJaunes, Aux Jardins d'Elisa a clairement trouvé sa clientèle à Pau.

En consultant votre site actuel, j'ai remarqué qu'il contient encore du texte provisoire (""Lorem ipsum"") et une rubrique actualités vide. Pour un client qui envisage une création de jardin ou une terrasse bois, cela peut freiner la prise de contact.

Un site professionnel et adapté au mobile pourrait présenter vos chantiers en photos, détailler chaque service (création, entretien, élagage, clôtures) et faciliter les demandes de devis, tout en améliorant votre visibilité sur Google autour de Pau.

Seriez-vous disponible pour un court échange ?

Cordialement,
Jacobs Roland
Spécialiste en développement de sites web
savelroly@gmail.com"
1,parrucchiere.valentina@gmail.com,Parrucchiere Donna Valentina Mazzotta,Il sito del salone di Via Oberdan,"Buongiorno Valentina,

a due passi da Piazza Mazzini, il suo salone in Via Oberdan compare con due indirizzi web negli elenchi online: parrucchierevalentinamazzotta.com, che oggi risponde ""Site not found"", e una vecchia pagina business.site, chiusa da Google.

Chi cerca un parrucchiere a Lecce e clicca su quei link trova quindi una pagina vuota invece dei suoi servizi e orari.

Un sito professionale e ottimizzato per smartphone potrebbe mostrare i lavori, i servizi e gli orari, e permettere di chiamare o chiedere un appuntamento con un tocco.

Le interesserebbe ricevere una proposta per rimettere online il sito?

Cordiali saluti,
Jacobs Roland
Specialista in Sviluppo Web
savelroly@gmail.com"
1,demirosmanovic12@gmail.com,Demir's Hair Niederkorn,Demir's Hair : vos trois salons sur un seul site,"Bonjour,

382 avis vérifiés et 4,9/5 sur Salonkee : Demir's Hair est clairement une adresse de référence pour les hommes à Niederkorn.

Vous avez aussi des salons à Remich et Beggen, mais en ligne tout passe par Salonkee et Instagram. Un site Demir's Hair pourrait présenter les trois adresses, vos prestations (coupe, barbe à l'ancienne, tarifs étudiants) et renvoyer vers la réservation de chaque salon.

Je crée des sites web professionnels et adaptés au mobile, qui aident les salons à présenter leurs prestations, à recevoir plus de réservations et à renforcer leur image en ligne.

Est-ce que cela vous intéresserait d'en discuter ?

Bien cordialement,
Jacobs Roland
Spécialiste en création de sites web
savelroly@gmail.com"
1,Jacob.Giske@jagibygg.com,Jagi Bygg AS,jagibygg.com viser ingen side,"Hei Jacob,

Jagi Bygg AS ble etablert i januar 2026 og bruker allerede e-postadresser på jagibygg.com, men domenet viser i dag bare en «Not Found»-side. Kunder som skriver inn adressen fra e-posten din, finner derfor ingenting.

Teksten dere har på 1881 om tømrer- og byggarbeid, fra små jobber til større prosjekter, kan fint bli grunnlaget for en egen nettside med tjenester, bilder fra oppdrag og et skjema for pristilbud.

Jeg lager profesjonelle nettsider som hjelper bedrifter å presentere tjenestene sine, få flere henvendelser og styrke synligheten på nett.

Vil du at jeg sender et forslag til hvordan jagibygg.com kan se ut?

Vennlig hilsen,
Jacobs Roland
Spesialist på nettsideutvikling
savelroly@gmail.com"
1,fernandojaugusto9@gmail.com,Churrasqueira do Marquês,Churrasqueira do Marquês: encomendas mais fáceis,"Olá,

com uma média de 4,2 em 473 avaliações e porta aberta todos os dias das 9h às 22h, a Churrasqueira do Marquês é uma referência para quem procura grelhados no Marquês.

Na internet, porém, só aparecem diretórios e guias: não há um site próprio com a ementa, os preços do take away e os contactos para encomendar.

Crio websites profissionais que ajudam negócios a apresentar os seus serviços, receber pedidos e reservas e ter uma presença online mais forte. Um site simples, pensado para telemóvel, com ementa e botão para ligar, pode facilitar as encomendas.

Gostaria de ver como poderia ficar?

Com os melhores cumprimentos,
Jacobs Roland
Especialista em Desenvolvimento de Websites
savelroly@gmail.com"
1,atatcutzsingapore@outlook.sg,Atatcutz Singapore,Atatcutz and late-night searches,"Hello,

242 Google reviews at 4.6 stars and late opening hours at Bedok Market Place make Atatcutz a go-to for a lot of people in the east.

At the moment, people who look you up land on Instagram or Facebook. A dedicated website could show your fades and beard work, list prices from $30 to $55, display your hours clearly and send people straight to an appointment request, which helps most when someone is searching late in the evening.

I build professional, mobile-friendly websites for small businesses like yours, kept simple and easy for you to update.

Would it be worth a quick conversation?

Jacobs Roland
Website Development Specialist
savelroly@gmail.com"
1,beauty4youvasterashh@gmail.com,Beauty 4 You,Beauty 4 You på Smedjegatan,"Hej,

Över 1 000 omdömen på Bokadirekt visar att många kunder i Västerås återkommer till Beauty 4 You på Smedjegatan. Just nu finns er information, som fransmenyn och beskedet om Epassi, bara i bokningsprofilen.

En egen webbplats skulle kunna förklara skillnaden mellan singel-, mix- och volymfransar, visa priser och påfyllningsintervall, och samla viktiga besked till kunderna på ett ställe, med en direktlänk till bokningen.

Jag bygger professionella webbplatser som hjälper företag att presentera sina tjänster, få fler bokningar och förfrågningar och stärka sin närvaro på nätet.

Vore det intressant att prata om hur en sådan sida kan se ut för er?

Vänliga hälsningar,
Jacobs Roland
Webbutvecklare
savelroly@gmail.com"
1,Nhunglee277@gmail.com,Lê Nails & Beauty,Lê Nails & Beauty: Ihre Bewertungen auf der eigenen Seite,"Grüezi Lê Nails & Beauty Team,

185 Bewertungen mit durchschnittlich 4.8 Sternen auf Treatwell – Ihre Kundinnen an der Gerechtigkeitsgasse loben vor allem die faire Preisgestaltung und die sorgfältige Arbeit.

Ihre aktuelle Seite auf digitalone.site zeigt allerdings nur wenige Bilder, keine Leistungen oder Preise und einen Hinweis „Wir haben geschlossen“, der Neukundinnen verunsichern kann.

Eine professionelle, mobilfreundliche Website könnte Ihre Angebote von Gel-Maniküre bis Wimpernverlängerung übersichtlich mit Preisen zeigen, Ihre Bewertungen sichtbar machen und direkt zur Online-Buchung führen. So werden Sie auch bei Google-Suchen nach einem Nagelstudio in der Berner Altstadt besser gefunden.

Wäre ein kurzes Gespräch dazu für Sie interessant?

Freundliche Grüsse
Jacobs Roland
Spezialist für Website-Entwicklung
savelroly@gmail.com"
1,silviokassab@gmail.com,SOLO Beauty Center,"A website to match SOLO's 5,664 reviews","Hello,

Building to 5,664 reviews and a team of 28-plus since opening in 2023 is remarkable growth for a beauty centre in Al Jurf.

I looked at your current site (solobeautycentre.wixsite.com/solo). The Portfolio and Profile sections are empty, the social icons go to default links, and there are no prices or opening hours. A complete, mobile-friendly website on your own domain could present your nail, hair, face and body menus, promote gift vouchers and offers, show the lounge, and link straight to your Fresha booking.

I'm a website developer working with small businesses.

Would you be open to a short call about it?

Jacobs Roland
Website Development Specialist
savelroly@gmail.com"
1,egbakerboy@q.com,My Daddy's Italian Bakery & Cafe,My Daddy's menu and cake orders online,"Hi Eugene,

Twenty-plus years of cannoli, lobster tails and Friday and Saturday wood-fired pizza nights on Bell Road, plus a FOX10 feature as a taste of New York, have made My Daddy's a West Valley favorite.

Today the bakery's online home is its Facebook page, while directory sites list it with a 4.9 rating. A website of your own could show the full pastry and cake menu, the pizza-night schedule and hours, and take catering and custom-cake enquiries in one place.

I build professional, mobile-friendly websites that help local businesses present their services clearly, get more enquiries and bookings, and build a stronger online presence.

Would you be open to a short conversation about a site for the bakery?

Best,
Jacobs Roland
Website Development Specialist
savelroly@gmail.com"
1,kubisauto96@gmail.com,Kubis Auto,Webové stránky pro Kubis Auto,"Dobrý den,

Kubis Auto v Koterovské ulici má na Firmy.cz hodnocení 5,0 z 15 recenzí a nabízí nonstop diagnostiku, opravy osobních i nákladních vozů, pneuservis, odtah i přípravu na STK.

Zatím vás lidé najdou hlavně přes katalogové profily. Pro servis, který funguje nonstop a zajišťuje i odtah, může být vlastní web užitečný: řidič v nouzi často hledá v mobilu a rozhoduje se rychle.

Přehledná stránka optimalizovaná pro mobil by mohla ukázat všechny vaše služby, tlačítko pro okamžité volání, kontaktní formulář pro objednání na STK a recenze spokojených zákazníků. Pomohla by také s viditelností ve vyhledávání Google a Seznam.

Mělo by smysl, abych vám poslal krátký návrh, jak by takový web mohl vypadat?

S pozdravem

Jacobs Roland
Specialista na tvorbu webových stránek
savelroly@gmail.com"
1,geladosconchanata@gmail.com,Gelados Itália Conchanata,"Conchanata: 75 anos de gelados, um site à altura","Olá,

desde 1948 na Avenida da Igreja, a Conchanata continua a ser notícia sempre que abre a época dos gelados, e conta com mais de 3.000 avaliações no pai.pt.

Online, porém, a presença própria resume-se a uma página de Facebook: quem procura os sabores sem glúten, o horário ou a data de reabertura depende de artigos e diretórios.

Crio websites profissionais que ajudam negócios a apresentar os seus serviços, receber contactos e encomendas e ter uma presença online mais forte. Para a Conchanata imagino um site simples, adaptado a telemóvel, com a história da casa, os sabores, o horário da época e contactos.

Teria interesse em ver uma proposta?

Com os melhores cumprimentos,
Jacobs Roland
Especialista em Desenvolvimento de Websites
savelroly@gmail.com"
1,limpehbarbershop@gmail.com,Limpeh Barbershop,"Limpeh Barbershop's 2,525 reviews","Hi Siti,

2,525 reviews averaging 5.0 on Fresha is a remarkable record for a neighbourhood barbershop that started in Bedok back in 2015.

Right now customers find Limpeh through Fresha, Instagram and Facebook, but there is no site that belongs to the shop itself. A simple website could tell the Limpeh story, show your prices (including the student and NSF rates), link straight to booking and help the shop appear when people in the east search for a barber nearby.

I build professional, mobile-friendly websites for small businesses, and I'd keep it simple and in line with the old-school look you've designed.

Would you be open to a short chat about what that could look like?

Jacobs Roland
Website Development Specialist
savelroly@gmail.com"
1,ecodayspabyeva@gmail.com,Eco Dayspa by Eva,Eco Dayspa by Eva i Västerås,"Hej Eva,

20 års erfarenhet som massage- och spaterapeut och över 1 100 omdömen med toppbetyg på Bokadirekt är en stark grund för Eco Dayspa.

Jag hittar ingen egen webbplats för Eco Dayspa, bara bokningsprofilen och Instagram. Den som letar efter en spaupplevelse eller ett presentkort i Västerås vill ofta se miljön och behandlingarna först.

En enkel, mobilanpassad webbplats kan visa bilder från spat, beskriva behandlingarna, presentera din bakgrund och länka till din bokning. Den hjälper också dig att synas på Google.

Vore det intressant att se ett kort förslag?

Med vänliga hälsningar
Jacobs Roland
Webbutvecklare
savelroly@gmail.com"
1,Radiantalecrim@gmail.com,MARIANUS Hamburgueres Artesanais (Radiantalecrim Unipessoal Lda),marianus.pt e as 1.800 avaliações,"Olá, equipa do MARIANUS,

1.814 avaliações no Google com média de 4,5 colocam o MARIANUS entre as hamburguerias mais comentadas da Rua das Flores.

Reparei que o domínio marianus.pt reencaminha para o Instagram, que muitas vezes pede login a quem não tem conta, sobretudo turistas que procuram onde comer no Porto.

Um site profissional e adaptado ao telemóvel poderia mostrar o menu com fotografias, os preços, o horário (12h-23h todos os dias) e a localização, em português e inglês, e ligar diretamente ao Instagram e às avaliações.

Faria sentido enviar-vos uma proposta?

Cumprimentos,
Jacobs Roland
Especialista em Desenvolvimento de Websites
savelroly@gmail.com"
1,cajsacare@gmail.com,Fotvårdskliniken Cajsa Care,Fotvårdskliniken Cajsa Care i Sundsvall,"Hej,

Fotvårdskliniken Cajsa Care har över 2 200 omdömen på Bokadirekt med toppbetyg, vilket är ovanligt mycket för en fotvårdsklinik.

Jag hittar ingen egen webbplats för kliniken, bara bokningsprofilen. Många, till exempel diabetiker med remiss eller anhöriga, vill gärna läsa om behandlingarna innan de bokar.

En enkel, mobilanpassad webbplats kan förklara skillnaden mellan medicinsk fotvård, remissfotvård och friskvård, presentera fotterapeuterna och länka till er befintliga bokning. Den hjälper också kliniken att synas på Google.

Vore det intressant att se ett kort förslag?

Med vänliga hälsningar
Jacobs Roland
Webbutvecklare
savelroly@gmail.com"
1,pizzeriameidin@hotmail.com,Pizzeria Meidin,Meidin: 33 anos de pizzas no Porto,"Olá,

33 anos de tradição no Porto, uma média de 4,4 em 1.840 avaliações e uma ementa que vai das pizzas aos crepes doces: a Meidin é uma instituição para muitos portuenses.

Nos diretórios, o campo 'website' da Meidin aponta apenas para o Facebook, e as duas moradas aparecem em páginas diferentes.

Crio websites profissionais que ajudam negócios a apresentar os seus serviços, receber contactos e reservas e ter uma presença online mais forte. Um site com a ementa completa, as duas casas, horários e ligação para encomendas facilitaria a vida a quem vos procura.

Faria sentido conversarmos sobre isso?

Com os melhores cumprimentos,
Jacobs Roland
Especialista em Desenvolvimento de Websites
savelroly@gmail.com"
2,wellnessintouch23@gmail.com,In Touch Massage,In Touch på Nygatan i Luleå,"Hej,

över 15 års erfarenhet av djupgående, terapeutisk massage och 344 omdömen med snittet 4,9 är en stark grund för In Touch på Nygatan i Luleå. I dag hittar man er på Bokadirekt och Instagram, men inte på en egen webbplats.

En egen sida kan förklara hur behandlingarna anpassas efter smärta, stress och spänningar, visa priser och tillägg, göra det lätt att köpa presentkort och leda följare från Instagram vidare till bokningen.

Jag bygger professionella webbplatser som hjälper företag att presentera sina tjänster, få fler bokningar och förfrågningar och stärka sin närvaro på nätet.

Vore det intressant med ett kort samtal om det?

Vänliga hälsningar,
Jacobs Roland
Webbutvecklare
savelroly@gmail.com"
2,cleitonlisboamt@gmail.com,Solar da Madalena,Solar da Madalena: bifanas com 906 avaliações,"Olá,

Uma média de 4,8 em 906 avaliações e as bifanas que já são conhecidas na Rua da Madalena fazem do Solar da Madalena uma paragem obrigatória na Baixa.

Online, porém, a casa vive do Instagram e de diretórios: quem está a planear a visita não encontra um site com ementa, preços e horário.

Crio websites profissionais que ajudam negócios a apresentar os seus serviços, receber contactos e reservas e ter uma presença online mais forte. Um site simples, em português e inglês, com ementa, fotografias e horário ajudaria turistas e vizinhos a escolher-vos.

Gostaria de ver como poderia ficar?

Com os melhores cumprimentos,
Jacobs Roland
Especialista em Desenvolvimento de Websites
savelroly@gmail.com"
2,kiro.hammarstrom@gmail.com,Kiropraktor Caroline Hammarström AB,Kiropraktor Caroline Hammarström AB i Gävle,"Hej Caroline,

909 omdömen med toppbetyg på Bokadirekt säger mycket om hur patienterna upplever din praktik på Fyshuset.

Jag hittar ingen egen webbplats för praktiken, bara bokningsprofilen. Den som har ont i ryggen eller nacken söker ofta på Google efter en kiropraktor i Gävle och vill förstå behandlingen först.

En enkel, mobilanpassad webbplats kan beskriva dina behandlingar, vilka besvär du hjälper med, din bakgrund som legitimerad kiropraktor sedan 2012, och länka till din befintliga bokning.

Vore det intressant att se ett kort förslag?

Med vänliga hälsningar
Jacobs Roland
Webbutvecklare
savelroly@gmail.com"
2,Lafitte.ness@gmail.com,Lafitte-ness Manualmed,Lafitte-ness och 643 omdömen,"Hej Junior,

643 omdömen med snittet 4,8 för muskel- och ledbehandlingar i Solna säger mycket om hur nöjda dina patienter är. I dag finns Lafitte-ness, så vitt jag kan se, bara på Bokadirekt.

En egen webbplats kan berätta om din bakgrund från Naprapathögskolan och som personlig tränare sedan 2013, förklara skillnaden mellan behandlingarna och massagen, och hjälpa nya patienter som söker i Solna att boka direkt.

Jag bygger professionella webbplatser som hjälper företag att presentera sina tjänster, få fler bokningar och förfrågningar och stärka sin närvaro på nätet.

Vore det intressant att se ett enkelt förslag?

Vänliga hälsningar,
Jacobs Roland
Webbutvecklare
savelroly@gmail.com"
2,magictouch.beauty.s@gmail.com,Magic Touch Beauty Salon,Magic Touch nära Våghustorget,"Hej,

732 omdömen med snittet 4,9 och en egen fransstylistutbildning gör Magic Touch till mer än en vanlig salong i centrala Örebro. I dag finns all information, även om parkering och avbokning, bara i Bokadirekt-profilen.

En egen webbplats kan visa behandlingarna för bryn och fransar, presentera utbildningen för blivande stylister, förklara vägen och parkeringen från Våghustorget och länka direkt till bokningen.

Jag bygger professionella webbplatser som hjälper företag att presentera sina tjänster, få fler bokningar och förfrågningar och stärka sin närvaro på nätet.

Skulle det vara intressant att se ett förslag?

Vänliga hälsningar,
Jacobs Roland
Webbutvecklare
savelroly@gmail.com"
2,alexmacaj@gmail.com,Osteopat Göteborg,Osteopat på Chalmersgatan,"Hej Alex,

Snart 20 års erfarenhet som osteopat, massageterapeut och PT från Storbritannien, och 146 omdömen med snittet 4,9, är en stark grund för en praktik på Chalmersgatan. I dag finns det mesta om dig på Bokadirekt och Instagram.

Den som letar efter osteopat i Göteborg vill ofta läsa om utbildning och arbetssätt innan första besöket. En egen webbplats kan beskriva osteopati, medicinsk massage och gravidmassage, visa friskvårdsalternativ och leda till bokningen.

Jag bygger professionella webbplatser som hjälper företag att presentera sina tjänster, få fler bokningar och förfrågningar och stärka sin närvaro på nätet.

Skulle du vilja se hur en sådan sida kan se ut?

Vänliga hälsningar,
Jacobs Roland
Webbutvecklare
savelroly@gmail.com"
2,cs.kiropraktor@gmail.com,Rygg och Idrottsklinik Göteborg,Kliniken på Kristinedals träningscenter,"Hej,

464 omdömen med snittet 4,9 och ett läge inne på Kristinedals träningscenter mitt emot SKF är en bra utgångspunkt för en klinik i Göteborg. Jag hittade dock ingen egen webbplats, bara bokningssidan.

Nya patienter som söker kiropraktor eller löpstegsanalys i Göteborg vill ofta läsa om behandlingarna innan de bokar. En egen sida kan förklara kiropraktik, löpstegsanalys och rehabträning, visa vägen från Gamlestaden och leda direkt till bokningen.

Jag bygger professionella webbplatser som hjälper företag att presentera sina tjänster, få fler bokningar och förfrågningar och stärka sin närvaro på nätet.

Skulle det vara intressant med ett kort samtal om det?

Vänliga hälsningar,
Jacobs Roland
Webbutvecklare
savelroly@gmail.com"
2,har2000@hotmail.se,Salong Hår2000,Salong Hår2000 i Jönköping,"Hej,

Över 5 000 omdömen på Bokadirekt med toppbetyg är något väldigt få salonger i Jönköping kan visa upp.

Jag hittar ingen egen webbplats för Salong Hår2000, bara bokningsprofilen och Instagram. Domänen har2000.se används i dag av en helt annan, orelaterad sida.

En enkel, mobilanpassad webbplats kan visa behandlingar och priser, presentera frisörerna och länka till er bokning. Den gör det också lättare för nya kunder att hitta just er på Google.

Vore det intressant att se ett kort förslag?

Med vänliga hälsningar
Jacobs Roland
Webbutvecklare
savelroly@gmail.com"
2,salongmillak@gmail.com,Salong Milla K,Salong Milla K i Örebro,"Hej Camilla,

Som legitimerad specialistsjuksköterska sedan 1996 har du en bakgrund som många kunder letar efter inför injektionsbehandlingar, och 1 201 omdömen på Bokadirekt bekräftar det.

Jag hittar ingen egen webbplats för Salong Milla K, bara bokningsprofilen och Instagram. Inför botox och fillers vill de flesta läsa på om behandlaren först.

En enkel, mobilanpassad webbplats kan presentera din legitimation och erfarenhet, beskriva behandlingarna och eftervården, och länka till din bokning. Den hjälper också salongen att synas på Google i Örebro.

Vore det intressant att se ett kort förslag?

Med vänliga hälsningar
Jacobs Roland
Webbutvecklare
savelroly@gmail.com"
2,bassel.thebarberman@gmail.com,The Barberman,The Barberman och 1 222 omdömen,"Hej,

1 222 omdömen med snittbetyget 4,9 på Bokadirekt är imponerande för en barberare på Oxtorgsgatan i Jönköping. Jag hittade dock ingen egen webbplats för The Barberman, utan bara bokningsprofilen.

En egen sida kan samla prislistan för klippning, skäggtrim och traditionell rakning, visa öppettider och karta, och göra det lättare för nya kunder att hitta er när de söker på barberare i Jönköping, med en tydlig knapp till bokningen.

Jag bygger professionella webbplatser som hjälper företag att presentera sina tjänster, få fler bokningar och förfrågningar och stärka sin närvaro på nätet.

Skulle det vara intressant att se ett enkelt förslag på hur en sådan sida kan se ut?

Vänliga hälsningar,
Jacobs Roland
Webbutvecklare
savelroly@gmail.com"
2,varmlandnails@gmail.com,Varmlandnails,Fotvård i Karlstad med 806 omdömen,"Hej,

806 omdömen med betyget 4,9 och fotvård som går att betala med Epassi, Wellnet och Söderberg & Partners gör Varmlandnails lätt att rekommendera i Karlstad. Informationen finns i dag bara på Bokadirekt.

Många som har friskvårdsbidrag söker efter mottagningar som tar emot just deras förmån. En egen webbplats kan förklara behandlingarna, till exempel liktornar, vårtor och medicinskt lack, visa vilka förmåner ni tar emot och leda vidare till bokningen.

Jag bygger professionella webbplatser som hjälper företag att presentera sina tjänster, få fler bokningar och förfrågningar och stärka sin närvaro på nätet.

Skulle ni vilja se ett förslag på hur en sådan sida kan se ut?

Vänliga hälsningar,
Jacobs Roland
Webbutvecklare
savelroly@gmail.com"
2,asashudvard@gmail.com,Åsas Hudvård,Åsas Hudvård och 358 omdömen,"Hej,

358 omdömen med betyget 5,0 för estetiska injektioner visar att kunderna i Luleå känner sig trygga hos Åsas Hudvård. Information om konsultationen och 48-timmarsregeln finns i dag bara i bokningsprofilen.

För injektionsbehandlingar vill nya kunder ofta läsa på i lugn och ro innan de hör av sig. En egen webbplats kan förklara hur konsultationen går till, vilka områden som kan behandlas och vad det kostar, och sedan leda till bokningen.

Jag bygger professionella webbplatser som hjälper företag att presentera sina tjänster, få fler bokningar och förfrågningar och stärka sin närvaro på nätet.

Skulle du vilja se ett förslag på hur en sådan sida kan se ut?

Vänliga hälsningar,
Jacobs Roland
Webbutvecklare
savelroly@gmail.com"
2,dzido@seznam.cz,Hodinový manžel - Martin Dzido,Hodinový manžel Martin Dzido – vlastní web,"Dobrý den, pane Dzido,

zákazníci vás na Firmy.cz hodnotí plným počtem hvězd a v recenzi z dubna 2026 vás popisují jako svědomitého, ochotného a velmi precizního.

Takové reference by si zasloužily vlastní web. Mohl by přehledně ukázat drobné opravy i malování interiérů, fotografie hotové práce a oblast, kde působíte, a lidé z Ostravy by vám mohli rovnou poslat poptávku přes formulář.

Tvořím profesionální webové stránky, které firmám pomáhají představit služby, získat více poptávek a posílit jejich online prezentaci.

Zajímalo by vás, jak by takový web mohl vypadat?

S pozdravem,
Jacobs Roland
Specialista na tvorbu webových stránek
savelroly@gmail.com"
2,form.flora@welho.com,Takkuvuoren Tarhuri Oy,Takkuvuoren Tarhurin pihatyöt verkkoon,"Hei,

Takkuvuoren Tarhuri on hoitanut puutarha- ja pihatöitä Helsingissä vuodesta 1998, ja kolmen hengen tiimi on pysynyt vakaana vuodesta toiseen. Omia verkkosivuja yritykselle en kuitenkaan löytänyt.

Pihatöissä asiakkaat haluavat usein nähdä kuvia aiemmista kohteista ennen tarjouspyyntöä. Omilla sivuilla voisi esitellä työt ennen ja jälkeen -kuvin, kertoa kausipalveluista ja tarjota helpon tarjouspyyntölomakkeen.

Teen ammattimaisia verkkosivuja, joiden avulla yritykset esittelevät palvelunsa, saavat enemmän yhteydenottoja ja vahvistavat näkyvyyttään verkossa.

Olisiko tämä teille ajankohtaista?

Ystävällisin terveisin,
Jacobs Roland
Verkkosivujen kehittäjä
savelroly@gmail.com"
2,hugues.peltier2@orange.fr,Anjou Coiffure,Anjou Coiffure : la page « À propos » de votre site,"Bonjour Madame Payraudeau,

Plus de vingt ans d'activité rue Gruget et une note de 4,9/5 sur 32 avis Google : Anjou Coiffure a une clientèle fidèle.

Votre site actuel contient toutefois encore du texte provisoire (""Lorem ipsum"") dans la partie « À propos », et la rubrique actualités est vide. C'est dommage, car c'est souvent la première page que consulte un nouveau client.

Un site simple, professionnel et adapté au mobile pourrait présenter vos prestations (coupes, mèches, coiffures de cérémonie), vos horaires et prise de rendez-vous, et refléter la qualité que vos clients décrivent dans leurs avis.

Accepteriez-vous un court échange à ce sujet ?

Cordialement,
Jacobs Roland
Spécialiste en développement de sites web
savelroly@gmail.com"
2,restaedepascalis@libero.it,Resta & De Pascalis,Le riparazioni della vostra carrozzeria a Lecce,"Buongiorno,

chi ha portato l'auto da Resta & De Pascalis racconta di un'esperienza ""super positiva"" dopo un incidente e di un'auto usata tornata come ""rinata"" dopo la pulizia e sanificazione.

Ho notato che la carrozzeria è presente su alcuni elenchi e su Facebook, ma non ho trovato un sito web proprio.

Un sito professionale e ottimizzato per smartphone potrebbe mostrare i lavori con foto prima/dopo, spiegare i servizi (riparazione danni, restauro, sanificazione) e permettere di chiedere un preventivo con un modulo, aiutandovi anche a farvi trovare su Google da chi cerca una carrozzeria a Lecce.

Vi interesserebbe ricevere una breve proposta?

Cordiali saluti,
Jacobs Roland
Specialista in Sviluppo Web
savelroly@gmail.com"
2,grow.kyoto@gmail.com,京都鉄板焼 grow (Kyoto Teppanyaki grow),京都鉄板焼 grow様の公式サイトについて,"こんにちは。突然のご連絡失礼いたします。

河原町駅から徒歩1分で、2017年からA5和牛や伊勢海老の鉄板焼コースを提供され、食べログで178件の口コミを集めていらっしゃることを拝見しました。

現在はコース情報やご予約が複数のグルメサイトに分かれているようですが、公式ホームページがあれば、コース内容や記念日のメッセージプレート、ランチ営業のご案内を日本語と英語でまとめ、直接のご予約につなげることができます。

私は、お店のサービスを分かりやすく紹介し、お問い合わせやご予約を増やし、オンラインでの存在感を高めるプロフェッショナルなウェブサイトを制作しております。

もしご関心がございましたら、簡単なご提案をお送りしてもよろしいでしょうか。

何卒よろしくお願いいたします。
Jacobs Roland
ウェブサイト制作スペシャリスト
savelroly@gmail.com"
2,dessegarmotors2006@xtra.co.nz,Des Segar Motors 2006,Transmission specialists in Timaru,"Hello,

Des Segar Motors is known around Timaru as the transmission specialist, also handling 4WD diffs, rotary rebuilds and V8 performance work on Station Street.

Specialist work like that brings people from well outside Timaru, and they usually search online first. At the moment they find a Facebook page and directory listings. A professional, mobile-friendly website with pages for transmissions, diffs and rotary work, plus your courtesy car and Farmlands/Rural Co details and a booking form, could help them choose you.

Would you be open to a quick chat about it?

Jacobs Roland
Website Development Specialist
savelroly@gmail.com"
2,Kamytattoos@gmail.com,Lighthouse Tattoo Studio,Do Instagram para marcações no Lighthouse,"Olá, equipa do Lighthouse Tattoo Studio,

Mais de 44 mil seguidores no Instagram e um portefólio de 310 trabalhos em black & grey, neo-tradicional e dotwork mostram que o estúdio já tem um público fiel.

Reparei que a presença online vive sobretudo nas redes sociais e em diretórios, e não encontrei um website próprio.

Um site profissional e adaptado ao telemóvel poderia organizar o portefólio por estilo, apresentar os workshops e piercings, e ter um formulário de pedido de orçamento com ideia e tamanho da tatuagem, para transformar seguidores em marcações e aparecer no Google a quem pesquisa ""tatuagem Amadora"".

Gostariam de ver uma proposta?

Cumprimentos,
Jacobs Roland
Especialista em Desenvolvimento de Websites
savelroly@gmail.com"
2,hombrebbs@gmail.com,Hombre Barbers SG,A home for Hombre's hair designs,"Hello,

Shaved hair designs alongside classic cuts since 2016 is what got Hombre Barbers onto Time Out Singapore's barber list.

That kind of work sells itself when people can see it. Right now it mostly lives on Instagram, which is hard to browse and doesn't show up well in search. A simple website could include a gallery of designs, your Premium Cut and other prices, opening hours, directions (opposite Darul Aman Mosque) and an easy way to send a booking request.

I build professional, mobile-friendly websites for independent businesses and keep them straightforward to run.

Would you like to hear how that could work for the shop?

Jacobs Roland
Website Development Specialist
savelroly@gmail.com"
3,denislilko@gmail.com,Stěhování & vyklízení Lilko,Stěhování a vyklízení Lilko a vlastní web,"Dobrý den, pane Lilko,

na Firmy.cz máte od zákazníků hodnocení 4,9 ze 17 recenzí, a jedna z posledních chválí bezproblémové vyklizení bytu 2+1 po pozůstalosti.

Zatím vás lidé najdou hlavně přes katalog a Instagram. Vlastní web by mohl přehledně ukázat stěhování, vyklízení, montáž nábytku i práce hodinového manžela, nabídnout jednoduchý formulář pro poptávku a pomoci vám být vidět, když někdo v Ostravě hledá stěhování nebo vyklizení.

Tvořím profesionální webové stránky, které firmám pomáhají představit služby, získat více poptávek a posílit jejich online prezentaci.

Mělo by smysl si o tom krátce promluvit?

S pozdravem,
Jacobs Roland
Specialista na tvorbu webových stránek
savelroly@gmail.com"
3,gregor.willim@gmail.com,Elektrikermeister Willim Gregor,Ihr neuer Elektrobetrieb in Neuhofen,"Guten Tag Herr Willim,

als Elektrowerkmeister seit 2011 und Wärmepumpenplaner haben Sie 2026 Ihren eigenen Betrieb in Neuhofen an der Krems gegründet und unterstützen Bauherren mit viel Eigenleistung. Online habe ich dazu bisher nur Ihren WKO-Eintrag gefunden.

Gerade am Anfang hilft eine eigene Website, damit Bauherren Ihr Konzept verstehen: Elektroinstallation, PV-Anlagen und Balkonkraftwerke, Klimaanlagen und Wärmepumpen, jeweils mit eigener Seite und einem einfachen Anfrageformular.

Ich erstelle professionelle Websites, mit denen Betriebe ihre Leistungen präsentieren, mehr Anfragen erhalten und online stärker auftreten.

Wäre eine eigene Website für Sie derzeit ein Thema?

Freundliche Grüße,
Jacobs Roland
Spezialist für Website-Entwicklung
savelroly@gmail.com"
3,jimmybeckers@bbrushed.be,B.Brushed Familiekapper (Kapsalon Kermt),B.Brushed: een website op bbrushed.be,"Beste Jimmy,

B.Brushed gebruikt al een e-mailadres op bbrushed.be, maar op dat adres is momenteel geen website te zien. Voor een familiekapper aan de Diestersteenweg in Kermt is dat een gemiste kans.

Wie in de buurt van Hasselt een kapper zoekt, wil snel de openingsuren, prijzen en een manier om een afspraak te maken vinden. Een eenvoudige, mobielvriendelijke website op uw eigen domein kan precies dat bieden: uw diensten voor dames, heren en kinderen, foto's van het salon en een afsprakenformulier of link naar uw boekingssysteem.

Zou het interessant zijn om hier eens kort over te praten?

Met vriendelijke groeten,
Jacobs Roland
Specialist websiteontwikkeling
savelroly@gmail.com"
3,hejwicafebar@gmail.com,Periferie (Periferie kafe),Web pro Periferie kafe,"Dobrý den,

Periferie v Kohoutovicích má na Firmy.cz hodnocení 4,8 a European Coffee Trip ji uvádí jako kavárnu s výběrovou filtrovanou kávou, která se hodí i pro práci s notebookem.

Kdo vás najde v kávových průvodcích, obvykle hned hledá otevírací dobu, nabídku a cestu. Jako web máte v katalogu uvedený Facebook, který ale nevidí každý a ve vyhledávání se zobrazuje hůř.

Jednoduchý web vhodný pro mobil by mohl ukázat aktuální kávy a pražírny, nabídku dezertů, otevírací dobu, fotky interiéru s květinami a mapu. Pomohl by také lidem z Facebooku i z průvodců rychle zjistit vše podstatné.

Mělo by smysl, abych vám poslal krátký návrh?

S pozdravem

Jacobs Roland
Specialista na tvorbu webových stránek
savelroly@gmail.com"
3,holmgaardmurer@gmail.com,Holmgaard-Brogaard Murer og Anlæg ApS,Holmgaard-Brogaard i Randers,"Hej Daniel,

Holmgaard-Brogaard Murer og Anlæg kom godt i gang i 2025 med tre ansatte og et positivt resultat allerede i første hele regnskabsår. Jeg kunne dog ikke finde en hjemmeside for firmaet.

Som ny virksomhed er det en fordel at kunne vise, hvad I laver. En hjemmeside med mur- og anlægsopgaver, billeder fra jeres projekter omkring Randers og en enkel tilbudsformular kan give flere henvendelser.

Jeg bygger professionelle hjemmesider, der hjælper virksomheder med at præsentere deres ydelser, få flere henvendelser og styrke deres synlighed online.

Kunne det være interessant for jer?

Venlig hilsen,
Jacobs Roland
Webudvikler
savelroly@gmail.com"
3,rasanen.sinikka@gmail.com,Kauneus- ja jalkahoitola Sinikka Räsänen,Hoitolanne Puijonkadulla,"Hei Sinikka,

Yli 40 vuoden kokemus kauneus- ja jalkahoidoista on harvinainen meriitti, ja se kannattaisi näkyä myös netissä.

En löytänyt hoitolallenne omia verkkosivuja, ainoastaan hakemistomerkintöjä. Moni kuopiolainen etsii kauneus- tai jalkahoitolaa puhelimellaan ennen kuin soittaa.

Selkeä, mobiiliin sopiva sivusto voisi esitellä hoidot ja hinnat, kertoa kokemuksestanne ja tarjota helpon tavan varata aika tai ottaa yhteyttä. Se auttaa myös näkymään Googlessa.

Olisiko kiinnostavaa nähdä lyhyt ehdotus?

Ystävällisin terveisin
Jacobs Roland
Verkkosivukehittäjä
savelroly@gmail.com"
3,attituderenov29@gmail.com,Attitude Renov,Attitude Renov : votre site actuel,"Bonjour,

Plus de trente ans de couverture et de façades à Brest, et des clients qui saluent encore cet été la rapidité et la qualité de vos chantiers.

En consultant votre site actuel, j'ai vu que la rubrique actualités affiche encore du texte provisoire (""Lorem ipsum""). Pour un particulier qui compare des couvreurs avant un devis important, ce détail peut faire hésiter.

Un site professionnel adapté au mobile pourrait montrer vos chantiers avant/après, détailler chaque service (couverture, démoussage, ravalement, gouttières) et faciliter les demandes de devis.

Seriez-vous ouvert à un court échange ?

Cordialement,
Jacobs Roland
Spécialiste en développement de sites web
savelroly@gmail.com"
3,hsimann@aol.com,Blumenhaus Heyer am Hauptfriedhof,Blumenhaus Heyer: Grabpflege online anfragbar machen,"Sehr geehrte Damen und Herren,

Mit Ihrem Blumenhaus direkt am Braunschweiger Hauptfriedhof und dem Angebot von Grabpflege bis Friedhofsgärtnerei sind Sie für viele Angehörige eine wichtige Anlaufstelle.

Bei meiner Recherche habe ich keine eigene Website gefunden; Sie sind online nur über Verzeichnisse wie Gelbe Seiten auffindbar.

Viele Angehörige – oft auch von ausserhalb Braunschweigs – suchen Grabpflege online. Eine schlichte, mobilfreundliche Website mit Ihren Leistungen, Beispielen Ihrer Arbeit, Öffnungszeiten und einem Anfrageformular für Daueraufträge könnte Ihnen neue Anfragen bringen.

Hätten Sie Interesse an einem kurzen Gespräch dazu?

Mit freundlichen Grüßen
Jacobs Roland
Spezialist für Website-Entwicklung
savelroly@gmail.com"
3,catwalklimerick@gmail.com,Catwalk Hair & Beauty,Catwalk's hair extension work,"Hello,

A multi award-winning salon on Thomas Street that specialises in hair extensions and colour has plenty to show off to new clients in Limerick.

At the moment people mostly find you through Facebook and directory listings. A website of your own could show your extension and colour work in a gallery, list your treatments and prices, mention your awards, and let clients request appointments from their phone.

It would also help you show up when people in Limerick search for extensions or colour on Google.

Would you be open to a quick chat about it?

Jacobs Roland
Website Development Specialist
savelroly@gmail.com"
3,erik9mor@gmail.com,Smartlakkering AS,Smartlakkering i Tromsø,"Hei Erik,

Smartlakkering kjører ut til kundene og reparerer små lakkskader i hele Tromsø-området, en praktisk tjeneste mange bileiere ikke vet finnes.

Jeg finner ikke en egen nettside for firmaet, bare oppføringen på Proff. Når noen får en ripe eller steinsprut, er det ofte Google de spør først.

En enkel, mobilvennlig nettside kan vise før- og etterbilder, forklare hvordan mobil reparasjon fungerer, og ha et skjema der kunden sender bilde av skaden og får et prisoverslag. Det kan gjøre det lettere å få jevn tilgang på oppdrag.

Vil du at jeg sender et kort forslag til en slik side?

Vennlig hilsen
Jacobs Roland
Nettsideutvikler
savelroly@gmail.com"
3,jindie@wp.pl,"""Agar"" Andrzej Adamowski",Strona internetowa dla gabinetu Agar,"Szanowny Panie Doktorze,

Gabinet weterynaryjny „Agar” przy al. Wyszyńskiego ma w Panoramie Firm ocenę 5,0, a pacjenci piszą o „doskonałym kontakcie ze zwierzętami” i indywidualnym podejściu do każdej sprawy.

Takie opinie to dobra wizytówka, jednak obecnie informacje o gabinecie są dostępne głównie w katalogach firm. Opiekunowie zwierząt często szukają weterynarza w telefonie i chcą od razu sprawdzić zakres usług, godziny oraz możliwość wizyty domowej.

Prosta strona dopasowana do telefonu mogłaby przedstawić usługi, wizyty domowe, godziny przyjęć, dojazd i formularz kontaktowy, a także poprawić widoczność gabinetu w Google w Łodzi.

Czy mógłbym przesłać krótką propozycję takiej strony?

Z poważaniem

Jacobs Roland
Specjalista ds. tworzenia stron internetowych
savelroly@gmail.com"
3,atdrdesentope@hotmail.com,"A T D R - Desentupimentos, Canalizador e Remodelações",SOS inundações da ATDR no Google,"Bom dia,

Desentupimentos, aspiração de fossas com viaturas próprias e SOS inundações: a ATDR resolve o tipo de problema que as pessoas pesquisam no telemóvel com urgência, muitas vezes à noite ou ao fim de semana.

Reparei que a empresa aparece nas Páginas Amarelas, mas não encontrei um website próprio.

Um site profissional e rápido no telemóvel poderia ter um botão para ligar de imediato, uma página para cada serviço (desentupimentos, fossas, canalização, remodelações) e um formulário de pedido de orçamento, ajudando a aparecer em pesquisas como ""desentupimentos Seixal"".

Gostariam de ver uma proposta?

Cumprimentos,
Jacobs Roland
Especialista em Desenvolvimento de Websites
savelroly@gmail.com"
3,ericsson.frida@gmail.com,Amada Massage och Yoga AB,Amada Massage och Yoga i Gävle,"Hej Frida,

149 omdömen med snittet 4,9 är en fin start för ett nystartat företag som erbjuder både svensk klassisk och balinesisk massage vid Norra Skeppsbron i Gävle. I dag finns Amada på Bokadirekt och Instagram, men jag hittade ingen egen webbplats.

En egen sida kan berätta om erfarenheterna du samlat i olika länder, förklara skillnaden mellan massageformerna, presentera yogan och leda besökare direkt till bokningen.

Jag bygger professionella webbplatser som hjälper företag att presentera sina tjänster, få fler bokningar och förfrågningar och stärka sin närvaro på nätet.

Vore det intressant att se ett förslag?

Vänliga hälsningar,
Jacobs Roland
Webbutvecklare
savelroly@gmail.com"
3,lukas.federbusch@gmail.com,Lukas Federbusch Tischlermeister,Ihre Tischlerei in Lienz,"Guten Tag Herr Federbusch,

seit 2022 führen Sie in Lienz Ihren eigenen Betrieb als Tischlermeister. Online habe ich dazu bisher nur Ihren Eintrag bei der Wirtschaftskammer gefunden, aber keine eigene Website.

Gerade bei Möbeln und Innenausbau entscheiden Kunden oft nach Bildern. Eine eigene Website könnte Ihre Arbeiten in Osttirol mit Fotos zeigen, Ihre Leistungen beschreiben und Interessenten eine einfache Anfrage ermöglichen.

Ich erstelle professionelle Websites, mit denen Betriebe ihre Leistungen präsentieren, mehr Anfragen erhalten und online stärker auftreten.

Wäre das für Sie interessant?

Freundliche Grüße,
Jacobs Roland
Spezialist für Website-Entwicklung
savelroly@gmail.com"
3,germinario@skynet.be,Carrosserie Germinario,Carrosserie Germinario : vos clients en parlent,"Bonjour,

« Excellent travail, loyauté, intégrité » : c'est ainsi qu'un client décrivait la Carrosserie Germinario en juillet 2025. Depuis 2004, vous proposez carrosserie, peinture au four et mécanique à Lodelinsart.

Aujourd'hui, on vous trouve surtout dans des annuaires. Un site professionnel adapté au mobile pourrait montrer vos réparations en photos avant/après, présenter votre équipement et permettre de demander un devis ou un rendez-vous en ligne, notamment pour les automobilistes de la région de Charleroi qui cherchent un carrossier sur Google.

Seriez-vous ouvert à un court échange ?

Cordialement,
Jacobs Roland
Spécialiste en développement de sites web
savelroly@gmail.com"
3,burespneu@seznam.cz,Pneuservis Jiří Bureš,Web pro Pneuservis Bureš,"Dobrý den, pane Bureši,

Pneuservis Jiří Bureš na Karlovarské má na Firmy.cz plné hodnocení 5,0 z 10 recenzí a kromě přezouvání nabízí i opravy alu kol a součástí podvozku.

Sezóna přezouvání přichází dvakrát ročně a zákazníci v tu chvíli hledají rychle v mobilu, kdo má volný termín a jaké služby nabízí. Zatím vás lze najít hlavně v katalogu firem.

Jednoduchý web vhodný pro mobil by mohl přehledně ukázat ceník a služby, otevírací dobu, mapu a formulář pro objednání termínu přezutí. Zároveň by pomohl, abyste se lépe zobrazoval ve vyhledávání v Plzni.

Zajímalo by vás, kdybych vám poslal krátký návrh struktury takového webu?

S pozdravem

Jacobs Roland
Specialista na tvorbu webových stránek
savelroly@gmail.com"
3,ramsing.jensen@gmail.com,Tømrermester Lars B. Jensen ApS,Tømrerfirmaet i Tølløse online,"Hej,

syv ansatte og et solidt regnskab for 2025 viser, at Tømrermester Lars B. Jensen ApS har godt gang i opgaverne omkring Tølløse. Da jeg søgte på firmaet, fandt jeg dog ingen egen hjemmeside.

Mange kunder sammenligner tømrere online, før de beder om et tilbud. En hjemmeside med jeres ydelser, billeder fra udførte opgaver og en enkel tilbudsformular kan gøre det lettere at vælge jer.

Jeg bygger professionelle hjemmesider, der hjælper virksomheder med at præsentere deres ydelser, få flere henvendelser og styrke deres synlighed online.

Er det noget, I har overvejet?

Venlig hilsen,
Jacobs Roland
Webudvikler
savelroly@gmail.com"
3,petra.manula@gmail.com,Kauneushoitola Petra,"Kauneushoitola Petra, Jämsä","Hei,

Kauneushoitola Petra tarjoaa Jämsän keskustassa sekä kosmetologin hoitoja että kauneustuotteita ja tuoksuja, mikä tekee siitä monipuolisen paikan asiakkaille.

En löytänyt hoitolalle omia verkkosivuja, vain hakemistoprofiileja. Uudet asiakkaat etsivät usein hoitoja ja hintoja netistä ennen yhteydenottoa.

Mobiiliin sopiva sivusto voisi esitellä hoidot ja hinnaston, tuotevalikoiman ja yhteystiedot, sekä tarjota helpon tavan varata aika. Se parantaa myös näkyvyyttä Googlessa, kun joku hakee kauneushoitolaa Jämsästä.

Saanko lähettää lyhyen ehdotuksen?

Ystävällisin terveisin
Jacobs Roland
Verkkosivukehittäjä
savelroly@gmail.com"
3,flavinelectrical@gmail.com,Flavin Electrical,"Flavin Electrical, since 2002","Hello,

A family-run electrical and security business that has been wiring homes and installing alarms around Youghal since 2002 has a lot of trust to build on.

At the moment Flavin Electrical is listed on Golden Pages but has no website of its own. A site with your electrical, alarm and fire-safety services and a quote request form would help both homeowners and businesses in East Cork find you.

I build professional, mobile-friendly websites that help businesses present their services, get more enquiries and bookings, and build a stronger online presence.

Would you be open to a short chat about it?

Best,
Jacobs Roland
Website Development Specialist
savelroly@gmail.com"
3,automoto.max@wp.pl,Auto-Moto-Max Nowosieleccy D.M.,Strona internetowa dla Auto-Moto-Max,"Dzień dobry Panie Grzegorzu,

Auto-Moto-Max przy ul. Śliwiaka działa od ponad 20 lat, specjalizuje się w naprawach blacharsko-lakierniczych, a klient w opinii z lutego 2026 roku dziękuje za „nieocenioną pomoc, punktualność i naprawę auta na 5+”.

Po stłuczce kierowcy zwykle szukają lakiernika szybko, w telefonie, i porównują zdjęcia wykonanych napraw. Obecnie informacje o firmie są dostępne głównie w katalogach.

Prosta strona dopasowana do telefonu mogłaby pokazać zakres usług, zdjęcia przed i po naprawie, informacje o rozliczeniach z ubezpieczycielem (jeśli Pan je prowadzi), godziny otwarcia i formularz do wyceny ze zdjęciem szkody. Pomogłaby też w widoczności w Google w Podgórzu.

Czy mogę przesłać krótką propozycję takiej strony?

Pozdrawiam serdecznie

Jacobs Roland
Specjalista ds. tworzenia stron internetowych
savelroly@gmail.com"
4,carlotas2000@gmail.com,ALMAH By Carlota,ALMAH By Carlota fora do Instagram,"Olá Carlota,

""Não é só estética, é sobre como se sente"": a ideia por trás do ALMAH, em Fânzeres, junta massagens de relaxamento, desportiva e modeladora, drenagem linfática e depilação a laser.

Reparei que a presença online está sobretudo no Instagram (@almah.bycarlota) e não encontrei um website próprio.

Um site profissional e adaptado ao telemóvel poderia explicar cada tratamento e preço, mostrar o espaço e permitir marcar por formulário ou WhatsApp, ajudando quem pesquisa ""massagens Gondomar"" no Google a chegar até si.

Gostaria de ver uma proposta simples para o ALMAH?

Cumprimentos,
Jacobs Roland
Especialista em Desenvolvimento de Websites
savelroly@gmail.com"
4,malerei.brugger@sbg.at,Walter Brugger Malermeister,Spachteltechnik aus Lend,"Guten Tag Herr Brugger,

italienische Spachteltechnik und Gemäldemalerei nach Vorlagen bietet nicht jeder Malerbetrieb im Pinzgau an, und Sie tun das laut WKO-Eintrag seit 1994 in Lend. Online habe ich dazu aber nur den Firmeneintrag gefunden.

Gerade dekorative Arbeiten überzeugen über Bilder. Eine eigene Website könnte Ihre Spachteltechnik, Innen- und Außenmalerei mit Fotos fertiger Projekte zeigen und Interessenten eine einfache Anfrage ermöglichen.

Ich erstelle professionelle Websites, mit denen Betriebe ihre Leistungen präsentieren, mehr Anfragen erhalten und online stärker auftreten.

Wäre das grundsätzlich ein Thema für Sie?

Freundliche Grüße,
Jacobs Roland
Spezialist für Website-Entwicklung
savelroly@gmail.com"
4,enes.kara19@icloud.com,E & S TECH,"E & S TECH: loodgieter in Gent, 7 dagen op 7","Beste Enes,

'Lost moeilijke loodgieterproblemen op', schrijft een klant over E & S TECH, en dat zeven dagen per week tot 22 uur.

Online vind ik uw zaak nu vooral via Instagram en Goudengids. Wie in Gent dringend een loodgieter zoekt, belt meestal de eerste zaak met een duidelijke website. Een eenvoudige, mobielvriendelijke site kan uw diensten (leidingen, kranen, verwarming, ventilatie), uw ruime bereikbaarheid en een directe belknop tonen.

Zou u openstaan voor een kort gesprek?

Met vriendelijke groeten,
Jacobs Roland
Specialist websiteontwikkeling
savelroly@gmail.com"
4,Zmrzlinova.kavarna@email.cz,Zmrzlinová kavárna,Web pro Zmrzlinovou kavárnu v Líšni,"Dobrý den,

Zmrzlinová kavárna v Líšni nabízí 50 druhů řemeslné zmrzliny, 22 druhů belgické a italské horké čokolády i bubble waffles a na Firmy.cz má 4,6 z 56 recenzí.

Takovou nabídku je škoda ukazovat jen přes Facebook, který je teď uveden i jako váš web. Rodiny s dětmi i lidé z okolí často v mobilu hledají, kde mají otevřeno, jaké příchutě jsou zrovna k dispozici a zda je venkovní posezení.

Jednoduchý web vhodný pro mobil by mohl ukázat aktuální nabídku, otevírací dobu, fotografie interiéru a dětského koutku a kontaktní formulář pro objednávky. Pomohl by také s vyhledáváním na Google a Seznamu.

Mělo by smysl, abych vám poslal krátký návrh?

S pozdravem

Jacobs Roland
Specialista na tvorbu webových stránek
savelroly@gmail.com"
4,kuusamonkiinteistopalvelut@gmail.com,Kuusamon Kiinteistöpalvelut Oy,Kuusamon Kiinteistöpalvelut verkkoon,"Hei,

Kuusamon Kiinteistöpalvelut perustettiin vuoden 2024 alussa ja on jo kasvanut kolmen hengen yritykseksi. Omia verkkosivuja en kuitenkaan löytänyt, vain hakemistotiedot.

Taloyhtiöt ja isännöitsijät etsivät huoltokumppaneita usein netistä. Omilla sivuilla voisi esitellä kiinteistönhoidon, pihatyöt ja porrassiivoukset Kuusamon ja Rukan alueella sekä tarjota yhteydenottolomakkeen.

Teen ammattimaisia verkkosivuja, joiden avulla yritykset esittelevät palvelunsa, saavat enemmän yhteydenottoja ja vahvistavat näkyvyyttään verkossa.

Olisiko tästä apua teille?

Ystävällisin terveisin,
Jacobs Roland
Verkkosivujen kehittäjä
savelroly@gmail.com"
4,gggetglam@gmail.com,GG Get Glam,GG Get Glam's nails and lashes,"Hello,

Gel and acrylic extensions, Russian lashes and brows all under one roof on South Quay gives you a lot to show clients in Newcastle West.

At the moment Facebook seems to be the main place people find you. A simple website of your own could show your nail and lash work in a gallery, list prices for each treatment, and let clients send booking requests from their phone.

It would also help people in west Limerick find you on Google when they search for nails or lashes nearby.

Would it be worth a quick chat about it?

Jacobs Roland
Website Development Specialist
savelroly@gmail.com"
4,speed-gum@op.pl,Speed-Gum Serwis Opon Tomasz Gil,Strona internetowa dla Speed-Gum,"Dzień dobry Panie Tomaszu,

Speed-Gum przy ul. Grażyny na Prądniku Białym działa od 2023 roku i oprócz wulkanizacji oferuje prostowanie felg, serwis klimatyzacji i drobne naprawy samochodów.

Dla stosunkowo młodego warsztatu w Krakowie ważne jest, by kierowcy szukający w telefonie wymiany opon czy nabicia klimatyzacji trafili właśnie do Pana. Na razie informacje o firmie są głównie w katalogach.

Prosta strona dopasowana do telefonu mogłaby pokazać wszystkie usługi, orientacyjne ceny, godziny otwarcia, dojazd oraz formularz do umówienia terminu sezonowej wymiany opon. Pomogłaby też w widoczności w Google na Prądniku Białym i w okolicy.

Czy mogę przesłać krótką propozycję, jak mogłaby wyglądać taka strona?

Pozdrawiam serdecznie

Jacobs Roland
Specjalista ds. tworzenia stron internetowych
savelroly@gmail.com"
4,autorep_calhabe@hotmail.com,Auto Reparadora do Calhabé Lda,A oficina do Calhabé no Google,"Bom dia,

Na Estrada da Beira, no Calhabé, a Auto Reparadora do Calhabé é uma oficina com nome no bairro, mas online aparece apenas como uma linha nas Páginas Amarelas, com telefone e email.

Hoje muitos condutores em Coimbra escolhem oficina pelo telemóvel, a pesquisar ""oficina Coimbra"" ou ""mecânico Calhabé"".

Um site profissional e adaptado ao telemóvel poderia apresentar os serviços da oficina, mostrar a localização e o horário, e permitir pedir orçamento ou marcação através de um formulário simples, sem depender apenas de chamadas.

Teriam interesse em ver uma proposta?

Cumprimentos,
Jacobs Roland
Especialista em Desenvolvimento de Websites
savelroly@gmail.com"
4,volders.hairfeeling@gmail.com,Hair Feeling,Hair Feeling in Kermt: sinds 1990,"Goeiedag,

'Altijd vriendelijk! Mijn haren zijn telkens perfect', schrijft een klant over Hair Feeling, een zaak die al sinds 1990 in Kermt actief is.

Online is uw salon vandaag vooral via gidsen te vinden. Nieuwe klanten in Hasselt en omgeving zoeken een kapper vaak via Google en kijken dan graag naar prijzen, openingsuren en foto's.

Een eenvoudige, professionele website die goed werkt op de smartphone kan dat allemaal tonen, samen met een snelle manier om een afspraak aan te vragen.

Zou u openstaan voor een kort gesprek daarover?

Met vriendelijke groeten,
Jacobs Roland
Specialist websiteontwikkeling
savelroly@gmail.com"
4,h.airismaki@luukku.com,Muuttopalvelu Airismäki,Airismäen muuttopalvelu netissä,"Hei,

Muuttopalvelu Airismäki on kuljettanut muuttoja Raumalta ympäri Suomen vuodesta 2002, myös pianot ja kassakaapit. Omia verkkosivuja en kuitenkaan löytänyt, vain hakemistomerkinnän.

Muuttoa suunnitteleva vertailee yleensä palveluita netissä. Omilla sivuilla voisi kertoa kalustosta, muuttolaatikkopalvelusta ja erikoiskuljetuksista sekä tarjota lomakkeen, jolla asiakas pyytää hinta-arvion helposti.

Teen ammattimaisia verkkosivuja, joiden avulla yritykset esittelevät palvelunsa, saavat enemmän yhteydenottoja ja vahvistavat näkyvyyttään verkossa.

Kiinnostaisiko tällainen?

Ystävällisin terveisin,
Jacobs Roland
Verkkosivujen kehittäjä
savelroly@gmail.com"
4,osullivanpandt@outlook.ie,O'Sullivan Painting & Tiling Service,LiveInColours painting and tiling,"Hello,

Painting and tiling under one roof, trading as LiveInColours, and covering both Limerick and Dublin is a broad offer for a local business.

Right now you are found mainly through Golden Pages. A website under the LiveInColours name, with photos of painting and tiling jobs and a quote request form, would give customers in Limerick and Dublin a clear place to contact you.

I build professional, mobile-friendly websites that help businesses present their services, get more enquiries and bookings, and build a stronger online presence.

Would you be open to a short chat about it?

Best,
Jacobs Roland
Website Development Specialist
savelroly@gmail.com"
4,adamwozniak@onet.com.pl,Warsztat samochodowy Adam Woźniak,Strona internetowa dla warsztatu przy Towarowej,"Dzień dobry Panie Adamie,

Warsztat przy ul. Towarowej działa od 2015 roku i oferuje szeroki zakres usług, od diagnostyki komputerowej i rozrządu po naprawy powypadkowe i klimatyzację, a klient w maju 2026 roku napisał: „Uczciwy mechanik. Polecam”.

Kierowcy w Lublinie zwykle szukają w Google konkretnej usługi, na przykład wymiany rozrządu czy serwisu klimatyzacji. Obecnie informacje o warsztacie są dostępne głównie w katalogach, więc przy takich wyszukiwaniach łatwo Pana przeoczyć.

Prosta strona dopasowana do telefonu mogłaby pokazać wszystkie usługi z krótkim opisem, godziny otwarcia, dojazd, opinie klientów i formularz do umówienia wizyty. Pomogłaby też zamienić zaufanie stałych klientów w nowe zlecenia.

Czy mogę przesłać krótką propozycję takiej strony?

Pozdrawiam serdecznie

Jacobs Roland
Specjalista ds. tworzenia stron internetowych
savelroly@gmail.com"
4,soniammgvaz@gmail.com,Curly Studio - Sónia Vaz Brôa,O Curly Studio para quem procura especialista,"Olá Sónia,

Um estúdio dedicado só a cabelos ondulados, encaracolados e crespos é raro no Algarve, e é exatamente o tipo de especialista que estas clientes procuram online, muitas vezes dispostas a deslocar-se.

Reparei que o Curly Studio aparece nas Páginas Amarelas, mas não encontrei um website próprio.

Um site profissional e adaptado ao telemóvel poderia explicar o seu método, mostrar fotografias de antes e depois e permitir pedir marcação, ajudando a aparecer em pesquisas como ""cabelo encaracolado Olhão"" ou ""Faro"".

Gostaria de ver uma proposta simples?

Cumprimentos,
Jacobs Roland
Especialista em Desenvolvimento de Websites
savelroly@gmail.com"
4,erwin_devos@telenet.be,Kapsalon Sabrina,Kapsalon Sabrina in Klemskerke,"Goeiedag,

Al meer dan dertig jaar knipt Kapsalon Sabrina dames, heren en kinderen in Klemskerke, in een sfeer die klanten 'gezellig en ontspannen' noemen.

Online is het salon nu vooral via gidsen te vinden. Nieuwe inwoners en tweedeverblijvers in De Haan zoeken een kapper meestal via Google. Een eenvoudige, mobielvriendelijke website kan uw diensten, prijzen en openingsuren tonen en een afspraak laten aanvragen.

Zou u openstaan voor een kort gesprek hierover?

Met vriendelijke groeten,
Jacobs Roland
Specialist websiteontwikkeling
savelroly@gmail.com"
4,mikkopunki@gmail.com,Rakennus- ja Konetyö Mitapu,Mitapun rakennus- ja konetyöt verkkoon,"Hei,

Mitapu tekee Alastarolla sekä uudisrakentamista, saneerauksia että kaivuutöitä, ja yritys on toiminut vuodesta 2007. Netistä löysin yrityksestä kuitenkin vain hakemistotiedot, en omia verkkosivuja.

Kun asiakas vertailee urakoitsijoita, kuvat aiemmista kohteista ratkaisevat usein. Omilla sivuilla voisi esitellä julkisivu- ja kattoremontit, kaivuutyöt ja uudiskohteet sekä tarjota helpon tarjouspyyntölomakkeen.

Teen ammattimaisia verkkosivuja, joiden avulla yritykset esittelevät palvelunsa, saavat enemmän yhteydenottoja ja vahvistavat näkyvyyttään verkossa.

Olisiko tämä teille ajankohtaista?

Ystävällisin terveisin,
Jacobs Roland
Verkkosivujen kehittäjä
savelroly@gmail.com"
4,smacem@hotmail.com,SMM Plumbing and Heating,Heat pumps and solar in Letterkenny,"Hello,

Covering heat pumps and solar as well as oil boiler servicing puts you in a good position as more Donegal homes look at upgrading their heating.

Many homeowners research those systems online before calling anyone. A website of your own could explain each service, cover the questions people usually ask about heat pumps and solar, and give them a simple enquiry form that works on a phone. It would also help people in Letterkenny find you on Google rather than only on directories.

Would you be open to a quick chat about it?

Jacobs Roland
Website Development Specialist
savelroly@gmail.com"
4,joanacmassoterapeuta@gmail.com,Joana Cardoso – Massoterapeuta,Marcações para as suas massagens em Santos,"Olá Joana,

Sessões a partir das 7h, oito técnicas diferentes, do shiatsu à drenagem linfática, e domicílios em toda a Grande Lisboa: oferece uma flexibilidade que muitos clientes procuram.

Reparei que as marcações são feitas sobretudo por WhatsApp e que não tem um website próprio.

Um site profissional e adaptado ao telemóvel poderia explicar cada massagem e o preço, indicar a zona de domicílios e permitir marcar ou pedir disponibilidade por formulário, ajudando também a aparecer a quem pesquisa ""massagem terapêutica Lisboa"".

Gostaria de ver uma proposta simples?

Cumprimentos,
Jacobs Roland
Especialista em Desenvolvimento de Websites
savelroly@gmail.com"
4,salihigulcan@gmail.com,La Différence,La Différence : « des mains en or »,"Bonjour,

« Des mains en or » : c'est ainsi qu'une cliente décrit La Différence, votre salon de la chaussée de Waterloo ouvert depuis 2014. Les avis mettent aussi en avant la qualité de vos conseils et votre accueil.

Pour le moment, on trouve votre salon surtout dans des annuaires. Un site professionnel et adapté au mobile pourrait présenter vos prestations, vos horaires, quelques réalisations en photos et un moyen simple de prendre rendez-vous.

Cela aiderait les personnes qui cherchent une coiffeuse à Saint-Servais ou à Namur à vous trouver plus facilement sur Google.

Seriez-vous ouverte à un court échange à ce sujet ?

Cordialement,
Jacobs Roland
Spécialiste en développement de sites web
savelroly@gmail.com"
4,Patriciavalebeautylab@gmail.com,Patricia Vale | Beauty Lab,Os tratamentos laser do Beauty Lab em Esmoriz,"Olá, equipa do Patricia Vale | Beauty Lab,

Depilação a laser com tecnologia europeia, laser vascular e podológico: são tratamentos que os clientes costumam pesquisar com cuidado antes de marcar.

Reparei que o link online do Beauty Lab é uma página bio.site com ligações, e não encontrei um website próprio.

Um site profissional e adaptado ao telemóvel poderia explicar cada tratamento e o equipamento usado, responder às perguntas mais comuns sobre segurança e sessões, e permitir pedir marcação por formulário, ajudando também a aparecer a quem pesquisa ""depilação a laser Esmoriz"" ou ""Ovar"".

Gostariam de receber uma proposta breve?

Cumprimentos,
Jacobs Roland
Especialista em Desenvolvimento de Websites
savelroly@gmail.com"
4,pilarheb7@hotmail.com,Pilar Espinoza Beauty Salon,Uw salon aan het Sint-Katarinaplein,"Beste Pilar,

Sinds eind 2023 heeft u een salon aan het Sint-Katarinaplein, een mooie plek in het centrum van Hasselt.

Online vind ik de zaak vooral via Instagram en Goudengids. Een eigen, mobielvriendelijke website kan uw behandelingen en prijzen tonen, uw openingsuren (dinsdag tot zaterdag) duidelijk vermelden, foto's van uw werk laten zien en nieuwe klanten een afspraak laten aanvragen. Zo wordt u ook beter gevonden door wie in Hasselt op Google naar een kapster zoekt.

Zou u daar kort over willen praten?

Met vriendelijke groeten,
Jacobs Roland
Specialist websiteontwikkeling
savelroly@gmail.com"
5,riaandsun@gmail.com,Ria&Sun Solário,Os tratamentos do Ria&Sun em Aradas,"Olá, equipa do Ria&Sun,

Do solário à depilação a laser, ao branqueamento dentário, lash lifting e remoção de tatuagens, o Ria&Sun reúne em Aradas uma lista de tratamentos invulgarmente completa.

Reparei que, para já, a informação está sobretudo nas Páginas Amarelas e não encontrei um website próprio.

Um site profissional e adaptado ao telemóvel poderia apresentar cada tratamento com preços e fotografias, mostrar o horário e permitir pedir marcação por formulário ou WhatsApp, ajudando também a aparecer no Google a quem pesquisa ""solário Aveiro"" ou ""depilação a laser Aveiro"".

Gostariam de ver uma proposta simples?

Cumprimentos,
Jacobs Roland
Especialista em Desenvolvimento de Websites
savelroly@gmail.com"
5,eric.vandewalle@telenet.be,Van De Walle,Van De Walle: sanitair in Gent sinds 2002,"Goeiedag,

Al sinds 2002 doet Van De Walle sanitair- en loodgieterswerk in Wondelgem, dat is meer dan twintig jaar vakmanschap in Gent.

Online vindt men uw zaak momenteel vooral via gidsen zoals Goudengids. Wie in Gent een loodgieter zoekt, kijkt vaak eerst naar een eigen website om te zien welke werken u doet en hoe men u kan bereiken.

Een professionele, mobielvriendelijke website kan uw diensten (sanitaire installaties, waterleidingen, herstellingen) duidelijk tonen, enkele realisaties met foto's laten zien en een eenvoudig contactformulier voor offerteaanvragen bieden.

Zou u openstaan voor een kort gesprek hierover?

Met vriendelijke groeten,
Jacobs Roland
Specialist websiteontwikkeling
savelroly@gmail.com"
Review first,kfzhelmer@gmx.net,Helmer GmbH Kfz-Werkstatt,Zylinderkopf planen in Urmitz – online sichtbar,"Guten Tag,

Von der Inspektion bis zum Planen von Zylinderköpfen – die Helmer GmbH in Urmitz übernimmt auch Arbeiten, die nicht jede Werkstatt anbietet, und kommt auf 4,8 Sterne bei 140 Google-Bewertungen. Eine eigene Website habe ich zu Ihrem Betrieb nicht gefunden.

Gerade Spezialleistungen lassen sich auf einer eigenen Seite gut erklären und bringen Anfragen auch aus dem weiteren Umkreis von Koblenz. Ich baue professionelle Websites für Handwerks- und Dienstleistungsbetriebe: klare Leistungsseiten, ein einfaches Kontaktformular und eine gute Auffindbarkeit bei Google, damit aus Suchenden Kunden werden.

Wäre das für Sie ein Thema?

Beste Grüße
Jacobs Roland
Spezialist für Website-Entwicklung
savelroly@gmail.com"
Review first,kfz-lehmann@email.de,KFZ-Technik Lehmann GmbH,Ihre Werkstattleistungen in Netphen online,"Guten Tag Herr Lehmann,

Von Inspektion und Reifenwechsel über Unfallinstandsetzung und Klimaservice bis zu TÜV und Leihwagen – KFZ-Technik Lehmann im Köhlerweg bietet viel, und 154 Google-Bewertungen bestätigen das. Beschrieben ist das bisher allerdings nur in Branchenverzeichnissen.

Eine eigene Website könnte jede dieser Leistungen klar darstellen und Termin- oder Leihwagenanfragen direkt entgegennehmen. Ich erstelle professionelle Websites, mit denen Betriebe ihre Leistungen übersichtlich präsentieren, mehr Anfragen erhalten und online deutlich stärker auftreten – mobilfreundlich und bei Google gut auffindbar.

Wäre das für Sie interessant?

Beste Grüße
Jacobs Roland
Spezialist für Website-Entwicklung
savelroly@gmail.com"
Review first,klaus@arcor.de,Klaus Jörres KFZ-Betrieb,Werkstatt und Fahrzeuge aus Fuldatal online,"Guten Tag Herr Jörres,

Werkstatt und An- und Verkauf von Fahrzeugen aus einer Hand – dafür steht Ihr Betrieb in Fuldatal-Ihringshausen, mit 4,8 Sternen aus 71 Google-Bewertungen. Online sind Sie derzeit nur über Verzeichnisse wie Das Örtliche oder 11880 zu finden.

Eine eigene Website könnte Werkstattleistungen und aktuelle Fahrzeuge übersichtlich zeigen und Anfragen direkt zu Ihnen leiten. Ich baue professionelle Websites für Handwerks- und Dienstleistungsbetriebe: klare Leistungsseiten, ein einfaches Kontaktformular und eine gute Auffindbarkeit bei Google, damit aus Suchenden Kunden werden.

Wäre das für Sie interessant?

Beste Grüße
Jacobs Roland
Spezialist für Website-Entwicklung
savelroly@gmail.com"
Review first,backhaus.streiter@t-online.de,Streiter Bäckerei Conditorei & Café,backhausstreiter.de – noch ohne Inhalt,"Guten Tag,

Fast 100 Jahre Tradition, eine Terrasse nahe dem Bergpark und 545 Google-Bewertungen – Streiter ist in Kassel eine Institution. Unter backhausstreiter.de, der Domain Ihrer E-Mail-Adresse, erscheint aber nur „Domain im Kundenauftrag registriert“.

Dort könnte eine Website Ihre Geschichte, Torten, Café und Öffnungszeiten zeigen – auch für Besucher des Bergparks. Ich baue professionelle Websites für Handwerks- und Dienstleistungsbetriebe: klare Leistungsseiten, ein einfaches Kontaktformular und eine gute Auffindbarkeit bei Google, damit aus Suchenden Kunden werden.

Wäre das für Sie interessant?

Beste Grüße
Jacobs Roland
Spezialist für Website-Entwicklung
savelroly@gmail.com"
Review first,tomfitzgeraldask@gmail.com,"Tom Fitzgerald, Est 1982",Painting in Askeaton since 1982,"Hello,

Painting and decorating around Askeaton since 1982 is a track record few local contractors can match.

Right now the business is found through Golden Pages. A simple website showing your experience, painting and wallpapering work and an easy contact form would help newer homeowners in West Limerick find you.

I build professional, mobile-friendly websites that help businesses present their services, get more enquiries and bookings, and build a stronger online presence.

Would you be open to a short chat about it?

Best,
Jacobs Roland
Website Development Specialist
savelroly@gmail.com"
Review first,claudia.simoest4@gmail.com,Bella Moura - Centro de Beleza,Bella Moura: as noivas pesquisam antes de marcar,"Olá,

maquilhagem de noiva, dermaplaning e tratamentos faciais de segunda a sábado na Rua Almeida Garrett: o Bella Moura tem uma oferta que as clientes costumam pesquisar com calma antes de marcar.

Hoje essa pesquisa leva sobretudo ao Instagram e a diretórios, onde nem sempre aparecem a morada atual e a lista completa de serviços.

Crio websites profissionais que ajudam negócios a apresentar os seus serviços, receber marcações e pedidos e ter uma presença online mais forte. Um site com serviços, fotografias, pacotes para noivas e botão de marcação poderia complementar bem o Instagram.

Faria sentido conversarmos sobre isso?

Com os melhores cumprimentos,
Jacobs Roland
Especialista em Desenvolvimento de Websites
savelroly@gmail.com"
Review first,petrone.gabriel@gmail.com,Café da Gema,Café da Gema: encomendas também online,"Olá,

270 avaliações no pai.pt e encomendas aceites de segunda a sábado: o Café da Gema é a pastelaria de bairro de muitos clientes em Campo de Ourique.

A presença online, no entanto, limita-se ao Facebook e ao Instagram, sem um site onde ver os bolos, os preços e como fazer uma encomenda.

Crio websites profissionais que ajudam negócios a apresentar os seus serviços, receber contactos e reservas e ter uma presença online mais forte. Um site com catálogo de doces, formulário de encomenda e horário poderia trazer mais pedidos para festas e eventos.

Teria interesse em ver uma proposta?

Com os melhores cumprimentos,
Jacobs Roland
Especialista em Desenvolvimento de Websites
savelroly@gmail.com"
Review first,brasafortelindavelha@gmail.com,Churrasqueira O Reis De Linda-A-Velha,Churrasqueira O Reis: ementa e encomendas online,"Olá,

340 avaliações no pai.pt e uma ementa de grelhados servida ao almoço e ao jantar de terça a domingo fazem da Churrasqueira O Reis um ponto de referência em Linda-a-Velha.

Online, a casa aparece apenas no Instagram e em diretórios, sem um site onde ver a ementa, os preços do take away e o horário.

Crio websites profissionais que ajudam negócios a apresentar os seus serviços, receber contactos e reservas e ter uma presença online mais forte. Um site simples, adaptado a telemóvel, com ementa e botão para ligar facilitaria as encomendas.

Faria sentido conversarmos sobre isso?

Com os melhores cumprimentos,
Jacobs Roland
Especialista em Desenvolvimento de Websites
savelroly@gmail.com"
Review first,franciscoaroquette@gmail.com,Francisco Roquette Pinturas e Remodelações,Pinturas e remodelações em Cascais,"Olá,

pintura de interiores e fachadas, impermeabilização de telhados e remodelações em Cascais: é um leque de serviços que os clientes gostam de ver com fotografias antes de pedir orçamento.

Neste momento a empresa aparece sobretudo no pai.pt, sem um site próprio onde mostrar trabalhos feitos e receber pedidos.

Crio websites profissionais que ajudam negócios a apresentar os seus serviços, receber pedidos de orçamento e ter uma presença online mais forte. Um site com galeria antes/depois, lista de serviços e formulário de orçamento ajudaria a converter quem vos encontra.

Gostaria de receber uma ideia de como poderia ser?

Com os melhores cumprimentos,
Jacobs Roland
Especialista em Desenvolvimento de Websites
savelroly@gmail.com"
